{"_type":"export","__export_format":4,"__export_date":"2024-11-01T16:56:11.974Z","__export_source":"insomnia.desktop.app:v10.1.1","resources":[{"_id":"req_0186f5a276534a2fa7021a68a9580be2","parentId":"wrk_9474debb8af84e629dab3b7971ff0941","modified":1730480033328,"created":1730478787690,"url":"http://localhost:3000/carros/1","name":"deletar carros","description":"","method":"DELETE","body":{},"parameters":[],"headers":[{"name":"User-Agent","value":"insomnia/10.1.1"}],"authentication":{},"metaSortKey":-1730478787690,"isPrivate":false,"pathParameters":[],"settingStoreCookies":true,"settingSendCookies":true,"settingDisableRenderRequestBody":false,"settingEncodeUrl":true,"settingRebuildPath":true,"settingFollowRedirects":"global","_type":"request"},{"_id":"wrk_9474debb8af84e629dab3b7971ff0941","parentId":null,"modified":1730477004676,"created":1730477004676,"name":"Prova stockcar","description":"","scope":"collection","_type":"workspace"},{"_id":"req_2b260a598bee4cefa0fcf57427c6f4a0","parentId":"wrk_9474debb8af84e629dab3b7971ff0941","modified":1730480004793,"created":1730478766007,"url":"http://localhost:3000/carros/1","name":"update carros","description":"","method":"PUT","body":{"mimeType":"application/json","text":"{\n\t\"marca_veiculo \": \"fiat\",\n\t\"modelo_veiculo\":\"uno\",\n\t\"ano_veiculo\": \"2026\",\n\t\"fabricacao_veiculo\": \"2010\",\n\t \"cliente_id\": 1\n}"},"parameters":[],"headers":[{"name":"Content-Type","value":"application/json"},{"name":"User-Agent","value":"insomnia/10.1.1"}],"authentication":{},"metaSortKey":-1730478766007,"isPrivate":false,"pathParameters":[],"settingStoreCookies":true,"settingSendCookies":true,"settingDisableRenderRequestBody":false,"settingEncodeUrl":true,"settingRebuildPath":true,"settingFollowRedirects":"global","_type":"request"},{"_id":"req_cc636caa620847f3a6a37b4bbaa26413","parentId":"wrk_9474debb8af84e629dab3b7971ff0941","modified":1730480066264,"created":1730478744294,"url":"http://localhost:3000/telefone/1","name":"deletar telefone","description":"","method":"DELETE","body":{},"parameters":[],"headers":[{"name":"User-Agent","value":"insomnia/10.1.1"}],"authentication":{},"metaSortKey":-1730478744294,"isPrivate":false,"pathParameters":[],"settingStoreCookies":true,"settingSendCookies":true,"settingDisableRenderRequestBody":false,"settingEncodeUrl":true,"settingRebuildPath":true,"settingFollowRedirects":"global","_type":"request"},{"_id":"req_26f59b6ec87547c2a291a1cef84e1946","parentId":"wrk_9474debb8af84e629dab3b7971ff0941","modified":1730479969560,"created":1730478730127,"url":"http://localhost:3000/telefone/1","name":"update telefone","description":"","method":"PUT","body":{"mimeType":"application/json","text":"{\n\t\"cliente_id\": 1,\n\t\"numero\": \"19-807\",\n\t\"tipo enum\": \"celular\"\n}"},"parameters":[],"headers":[{"name":"Content-Type","value":"application/json"},{"name":"User-Agent","value":"insomnia/10.1.1"}],"authentication":{},"metaSortKey":-1730478730127,"isPrivate":false,"pathParameters":[],"settingStoreCookies":true,"settingSendCookies":true,"settingDisableRenderRequestBody":false,"settingEncodeUrl":true,"settingRebuildPath":true,"settingFollowRedirects":"global","_type":"request"},{"_id":"req_fcc36506a9d1410d86f183824ee8be76","parentId":"wrk_9474debb8af84e629dab3b7971ff0941","modified":1730479918495,"created":1730478675968,"url":"http://localhost:3000/clientes/1","name":"update clientes","description":"","method":"PUT","body":{"mimeType":"application/json","text":"{\n  \"nome\":\"heloisa\",\n\t\"cpf\":\"409.004.870-79\",\n\t\"email\":\"h57576309@gmail.com\",\n\t\"endereco\":\"R.210, n° 10\",\n\t\"data_nascimento\":\"2007-09-28\",\n\t\"data_cadastro\":\"2024-11-01\"\n}"},"parameters":[],"headers":[{"name":"Content-Type","value":"application/json"},{"name":"User-Agent","value":"insomnia/10.1.1"}],"authentication":{},"metaSortKey":-1730478675968,"isPrivate":false,"pathParameters":[],"settingStoreCookies":true,"settingSendCookies":true,"settingDisableRenderRequestBody":false,"settingEncodeUrl":true,"settingRebuildPath":true,"settingFollowRedirects":"global","_type":"request"},{"_id":"req_67875adf754848c1ab7c9db5bc54d88c","parentId":"wrk_9474debb8af84e629dab3b7971ff0941","modified":1730480090406,"created":1730478590687,"url":"http://localhost:3000/clientes/1","name":"deletar clientes","description":"","method":"DELETE","body":{},"parameters":[],"headers":[{"name":"User-Agent","value":"insomnia/10.1.1"}],"authentication":{},"metaSortKey":-1730478590687,"isPrivate":false,"pathParameters":[],"settingStoreCookies":true,"settingSendCookies":true,"settingDisableRenderRequestBody":false,"settingEncodeUrl":true,"settingRebuildPath":true,"settingFollowRedirects":"global","_type":"request"},{"_id":"req_5dff0ef70ded4704ad17a72057af0448","parentId":"wrk_9474debb8af84e629dab3b7971ff0941","modified":1730477221896,"created":1730477108137,"url":"http://localhost:3000/clientes","name":"read clientes","description":"","method":"GET","body":{},"parameters":[],"headers":[{"name":"User-Agent","value":"insomnia/10.1.1"}],"authentication":{},"metaSortKey":-1730477108137,"isPrivate":false,"pathParameters":[],"settingStoreCookies":true,"settingSendCookies":true,"settingDisableRenderRequestBody":false,"settingEncodeUrl":true,"settingRebuildPath":true,"settingFollowRedirects":"global","_type":"request"},{"_id":"req_d9d69a73c22a41358e39f66dfa0acc5b","parentId":"wrk_9474debb8af84e629dab3b7971ff0941","modified":1730477599919,"created":1730477095738,"url":"http://localhost:3000/clientes","name":"create clientes","description":"","method":"POST","body":{"mimeType":"application/json","text":"{\n  \"nome\":\"heloisa\",\n\t\"cpf\":\"409.004.870-79\",\n\t\"email\":\"h57576309@gmail.com\",\n\t\"endereco\":\"R.210, n° 8\",\n\t\"data_nascimento\":\"2007-09-28\",\n\t\"data_cadastro\":\"2024-11-01\"\n}"},"parameters":[],"headers":[{"name":"Content-Type","value":"application/json"},{"name":"User-Agent","value":"insomnia/10.1.1"}],"authentication":{},"metaSortKey":-1730477095738,"isPrivate":false,"pathParameters":[],"settingStoreCookies":true,"settingSendCookies":true,"settingDisableRenderRequestBody":false,"settingEncodeUrl":true,"settingRebuildPath":true,"settingFollowRedirects":"global","_type":"request"},{"_id":"req_8c0675dbf0a34fc98f07091d5b10946a","parentId":"wrk_9474debb8af84e629dab3b7971ff0941","modified":1730478091192,"created":1730477083732,"url":"http://localhost:3000/telefone","name":"read telefone","description":"","method":"GET","body":{"mimeType":"application/json","text":""},"parameters":[],"headers":[{"name":"Content-Type","value":"application/json"},{"name":"User-Agent","value":"insomnia/10.1.1"}],"authentication":{},"metaSortKey":-1730477083732,"isPrivate":false,"pathParameters":[],"settingStoreCookies":true,"settingSendCookies":true,"settingDisableRenderRequestBody":false,"settingEncodeUrl":true,"settingRebuildPath":true,"settingFollowRedirects":"global","_type":"request"},{"_id":"req_2ac178d929e14f8592fe5bc5a80d5320","parentId":"wrk_9474debb8af84e629dab3b7971ff0941","modified":1730478425489,"created":1730477062446,"url":"http://localhost:3000/telefone","name":"create telefone","description":"","method":"POST","body":{"mimeType":"application/json","text":"{\n\t\"cliente_id\": 1,\n\t\"numero\": \"19-806\",\n\t\"tipo enum\": \"celular\"\n}"},"parameters":[],"headers":[{"name":"Content-Type","value":"application/json"},{"name":"User-Agent","value":"insomnia/10.1.1"}],"authentication":{},"metaSortKey":-1730477062446,"isPrivate":false,"pathParameters":[],"settingStoreCookies":true,"settingSendCookies":true,"settingDisableRenderRequestBody":false,"settingEncodeUrl":true,"settingRebuildPath":true,"settingFollowRedirects":"global","_type":"request"},{"_id":"req_62a8a2f8db2c4efc86dda02721ad4585","parentId":"wrk_9474debb8af84e629dab3b7971ff0941","modified":1730477252680,"created":1730477048501,"url":"http://localhost:3000/carros","name":"read carros","description":"","method":"GET","body":{},"parameters":[],"headers":[{"name":"User-Agent","value":"insomnia/10.1.1"}],"authentication":{},"metaSortKey":-1730477048501,"isPrivate":false,"pathParameters":[],"settingStoreCookies":true,"settingSendCookies":true,"settingDisableRenderRequestBody":false,"settingEncodeUrl":true,"settingRebuildPath":true,"settingFollowRedirects":"global","_type":"request"},{"_id":"req_eb2df517f0e74f849163ba93402d9853","parentId":"wrk_9474debb8af84e629dab3b7971ff0941","modified":1730478254940,"created":1730477017259,"url":"http://localhost:3000/carros","name":"create carros","description":"","method":"POST","body":{"mimeType":"application/json","text":"{\n\t\"marca_veiculo \": \"fiat\",\n\t\"modelo_veiculo\":\"uno\",\n\t\"ano_veiculo\": \"2016\",\n\t\"fabricacao_veiculo\": \"2010\",\n\t \"cliente_id\": 1\n}"},"parameters":[],"headers":[{"name":"Content-Type","value":"application/json"},{"name":"User-Agent","value":"insomnia/10.1.1"}],"authentication":{},"metaSortKey":-1730477017259,"isPrivate":false,"pathParameters":[],"settingStoreCookies":true,"settingSendCookies":true,"settingDisableRenderRequestBody":false,"settingEncodeUrl":true,"settingRebuildPath":true,"settingFollowRedirects":"global","_type":"request"},{"_id":"env_e26c23bb3063cdc2abd46448169d23031cbce93e","parentId":"wrk_9474debb8af84e629dab3b7971ff0941","modified":1730477004681,"created":1730477004681,"name":"Base Environment","data":{},"dataPropertyOrder":null,"color":null,"isPrivate":false,"metaSortKey":1730477004681,"_type":"environment"},{"_id":"jar_e26c23bb3063cdc2abd46448169d23031cbce93e","parentId":"wrk_9474debb8af84e629dab3b7971ff0941","modified":1730477004685,"created":1730477004685,"name":"Default Jar","cookies":[],"_type":"cookie_jar"}]}